исходная форма,глоссированная форма,частотность,глосса,лемма,POS,3,976
a,a,3,а,a,CCONJ,,
arə,a-rə,2,знать-cvb.neg,adaj,VERB,,
abgar,abgar,2,здоровый,abgar,ADJ,,
abla,abla,2,глупый,abla,ADJ,,
ač,ač,31,neg,eč,PART,,
ač-ta,ač=ta,2,neg=add,eč,PART,,
ačča,ačča,22,neg.pred,ečče,PART,,
"ad,snmw",adə-w,2,сколько-acc,adi,ADV,,
adəwuč,adə=wuč,2,сколько=indef,adi,ADV,,
aďin,aďin,2,первенец,ad'in,NOUN,,
adun,adun,2,иногда,adun,ADV,,
agdagal,agda-gal,3,старший.брат-pl,agda,NOUN,,
ai,ai,4,хороший,aj,ADJ,,
aič,ai-č,6,хороший-ins,aič,ADV,,
aj,aj,13,хороший,aj,ADJ,,
ajďinne,aj-ďi-nne,2,хорошо-fut-2sg,ajdaj,VERB,,
aju,aj-u,2,хороший-acc,aj,ADJ,,
ajďit,ajďit,5,правда,ajd'it,NOUN,,
ajďitta,ajďit=ta,8,правда=add,ajd'it,NOUN,,
aka,aka,7,отец,aka,NOUN,,
akuwriďi,akuw-riďi,2,ошалеть-ant.sg,akuwdaj,VERB,,
alačiddən,alači-d-də-n,2,ждать-prog-pst-3sg,alattaj,VERB,,
alačidai,alači-da-i,2,ждать-purp-poss.refl.sg,alattaj,VERB,,
aləŋoča-mu,aləŋo-ča-mu,2,дочь-dim2-poss.1sg,alaŋo,NOUN,,
allaďin,allaďin,2,аккуратно,allaďin,ADV,,
amanun,ama-nun,2,отец-com,ama,NOUN,,
amanne,amanne,3,дедушка,amanna,NOUN,,
amardalan,amar-dala-n,3,равнина-loc-poss.3sg,amar,NOUN,,
amaski,amaski,2,обратно,amaski,ADV,,
ammida,ammi=da,2,отец=add,ama,NOUN,,
amnak,amnak,11,быстро,amnak,ADV,,
amnəq,amnəq,4,скоро,amnak,ADV,,
amŋai,amŋa-i,2,рот-poss.refl.sg,amŋa,NOUN,,
amun,amun,2,метка,amun,NOUN,,
ančindulan,ančin-dula-n,15,около-loc-poss.3sg,ančin,ADP,,
ančindulatən,ančin-dula-tən,2,около-loc-poss.3pl,ančin,ADP,,
anin,anin,2,дым,anin,NOUN,,
ara,ara,5,дружище2,ara,NOUN,,
aran,aran,11,едва,aran,ADV,,
arankič,aran-kič,2,едва-elat,aran,ADV,,
arčan,arčan-∅-∅,2,выходить.на.встречу-nfut-3pl,arčandaj,VERB,,
arčanətən,arčanə-tən,2,встреча-poss.3pl,arčan,NOUN,,
ašal,aša-l,5,женщина-pl,asa,NOUN,,
asatkan,asatkan,5,девушка,asatkan,NOUN,,
asatqam,asatqa-m,4,девушка-acc,asatkan,NOUN,,
asatqan,asatqan,5,девушка,asatkan,NOUN,,
ašatqan,ašatqan,2,девушка,asatkan,NOUN,,
asi,asi,14,женщина,asi,NOUN,,
aši,aši,7,женщина,asi,NOUN,,
asum,asu-m,3,сколько-acc,asun,ADV,,
asuniru,asu-nir-u,2,сколько-indef-acc,asun,ADV,,
asukutkan,asuku=tkan,2,чуть.не=restr,asukut,ADV,,
atlan,at-la-n,2,основание-loc-poss.3sg,at,NOUN,,
attun,at-tu-n,2,основание-dat-poss.3sg,at,NOUN,,
atəkamu,atəka-mu,2,старуха-acc,atikan,NOUN,,
atəkan,atəkan,2,старуха,atikan,NOUN,,
atəllən,atəl-lə-n,2,снять-pst-3sg,ataldaj,VERB,,
atəqam,atəqa-m,2,старуха-acc,atikan,NOUN,,
atəqan,atəqan,9,старуха,atikan,NOUN,,
atəqannə,atəqan-nə,2,старуха-poss.3sg,atikan,NOUN,,
awran,aw-ra-n,2,добавлять-nfut-3sg,awdaj,VERB,,
awaski,awaski,6,куда,awaski,ADV,,
awəški,awəški,5,куда,awaski,ADV,,
awəški-da,awəški=da,3,куда=add,awaski,ADV,,
awəškiwuč,awəški=wuč,2,куда=indef,awaski,ADV,,
awgič,awgič,18,откуда,awgič,ADV,,
awšičami,awši-ča-mi,2,женская.сумка-dim2-poss.refl.sg,awsa,NOUN,,
aγdə,aγdə,3,старший.брат,agdi,NOUN,,
aγdəi,aγdə-i,4,старший.брат-poss.refl.sg,agdi,NOUN,,
baďič,baďi-č,5,ранний-ins,badič,ADV,,
baďikar,baďikar,2,утро,baďikar,NOUN,,
baďiraldə,baďira-l-də,2,ранний-pl-dat,badir,ADJ,,
baďiraldu,baďira-l-du,2,ранний-pl-dat,badir,ADJ,,
badun,badu-⊘-n,5,ехать.верхом-nfut-3sg,badudaj,VERB,,
bagullen,bagu-l-le-n,2,стучать-inch-nfut-3sg,bagudaj,VERB,,
bakra,bak-ra-∅,2,находить-nfut-3pl,baktaj,VERB,,
bakram,bak-ra-m,2,находить-nfut-1sg,baktaj,VERB,,
bakran,bak-ra-n,5,находить-nfut-3sg,baktaj,VERB,,
bakadla,baka-d-la,2,находить-prog-cvb,baktaj,VERB,,
baldun,bald-u-⊘-n,13,родиться-ad-nfut-3sg,baldadaj,VERB,,
baqčaš,baq-ča-š,2,находить-ptc.pst-2sg,baktaj,VERB,,
baqčinnə,baq-či-Ø-nnə,2,находить-res-nfut-2sg,baktaj,VERB,,
baqrin,baq-ri-n,6,находить-pst-3sg,baktaj,VERB,,
barəγrən,barəγ-rə-n,3,отвечать-pst-3sg,baragdaj,VERB,,
bargaki,bargak-i,3,враг-poss.refl.sg,bargak,NOUN,,
bargeki,barge-ki,2,другая.сторона-adv.dir,bargin,NOUN,,
bei,bei,3,человек,bej,NOUN,,
beikem,bei-ke-m,3,человек-dim-acc,bejken,NOUN,,
beiken,bei-ken,2,человек-dim1,bejken,NOUN,,
beilbə,bei-l-bə,2,человек-pl-acc,bej,NOUN,,
beilteki,bei-l-teki,3,человек-pl-dir,bej,NOUN,,
bej,bej,3,человек,bej,NOUN,,
bejďi,bej-ďi,16,человек-ins.poss.refl.sg,bej,NOUN,,
bejďide,bej-ďi=de,3,человек-ins.poss.refl.sg=add,bej,NOUN,,
bejmegen,bej-megen,5,человек-lvr,bej,NOUN,,
bekel,bekel,4,отдельный,bekel,ADJ,,
beldei,bel-de-i,3,помогать-purp-poss.refl.sg,beldej,VERB,,
belďin,bel-ďi-n,2,помочь-fut-3sg,beldej,VERB,,
beleŋo,beleŋo,2,сынок,beleŋo,NOUN,,
beltelker,beltelke-r,3,дитя-pl,belteken,NOUN,,
beripten,beri-p-te-n,4,терять-med-nfut-3sg,beriptej,VERB,,
beriptən,beri-p-tə-n,2,потерять-med-pst-3sg,beriptej,VERB,,
bəllən,bəl-lə-n,2,помогать-pst-3sg,beldej,VERB,,
bələŋo,bələŋo,3,сынок,beleŋo,NOUN,,
bərgə,bərgə,2,жирный,berge,ADJ,,
bi,bi,50,я,bi,PRON,,
bičjedun,bi-če-du-n,3,быть-ptc.pst-dat-poss.3sg,bidej,VERB,,
bičjenteken,bi-če-n=teken,2,быть-ptc.pst-poss.3sg=restr,bidej,VERB,,
biddətən,bi-d-də-tən,2,быть-prog-pst-3pl,bidej,VERB,,
bidďip,bi-d-ďi-p,2,быть-prog-fut-1pl.inc,bidej,VERB,,
bidlə,bi-d-lə,3,быть-prog-imp,bidej,VERB,,
bidmi,bi-d-mi,4,быть-prog-sim,bidej,VERB,,
bidei,bi-de-i,15,быть-purp-poss.refl.sg,bidej,VERB,,
biden,bi-de-n,5,быть-purp-3sg,bidej,VERB,,
biďenne,bi-ďe-n-ne-∅,3,быть-prog-iter-nfut-3pl,bidej,VERB,,
biďillətən,bi-ďi-l-lə-tən,2,быть-prog-inch-pst-3pl,bidej,VERB,,
biďin,bi-ďi-n,11,быть-fut-3sg,bidej,VERB,,
biďinnə,bi-ďi-nnə,3,быть-fut-2sg,bidej,VERB,,
bimči,bi-mči-⊘,7,быть-subj-3,bidej,VERB,,
bimi,bi-mi,7,быть-cond.ss,bidej,VERB,,
bimnən,bi-mnən,2,быть-prior,bidej,VERB,,
binəken,bi-nəken,7,быть-sim,bidej,VERB,,
bis,bi-s,5,быть-cvb.neg,bidej,VERB,,
bišnə,bi-š-nə,5,быть-nfut-3sg,bidej,VERB,,
bisem,bi-se-m,5,быть-nfut-1sg,bidej,VERB,,
bisennə,bi-se-nnə,4,быть-nfut-2sg,bidej,VERB,,
bišim,bi-ši-m,3,быть-pst-1sg,bidej,VERB,,
bisin,bi-si-n,6,быть-pst-3sg,bidej,VERB,,
bišin,bi-ši-n,14,быть-pst-3sg,bidej,VERB,,
bišinə,bi-ši-nə,2,быть-pst-3sg,bidej,VERB,,
bisiw,bi-si-w,2,быть-pst-1sg,bidej,VERB,,
biwette,bi-wet-te-⊘,2,быть-freq-nfut-3pl,bidej,VERB,,
biwettə,bi-wet-tə-∅,2,быть-freq-pst-3pl,bidej,VERB,,
biwettən,bi-wet-tə-n,2,быть-freq-pst-3sg,bidej,VERB,,
bi-bəďi,bi=bəďi,6,я=pejor,bi,PRON,,
bide,bi=de,4,быть=add,bidej,VERB,,
bi-de,bi=de,2,я=add,bi,PRON,,
bi-kə,bi=kə,3,я=emph,bi,PRON,,
bisi,bi=si,2,я=emph,bi,PRON,,
bileki,bilek-i,2,место.жительства-poss.refl.sg,bilek,NOUN,,
bilgedukun,bilge-duku-n,2,шея-abl-poss.3sg,bilga,NOUN,,
bilgei,bilge-i,2,шея-poss.refl.sg,bilga,NOUN,,
boŋkeče,boŋkeče,2,холм,bɵŋkeče,NOUN,,
borgesne,borge-s-ne-∅,2,разбредаться-plac-nfut-3pl,borgastaj,VERB,,
bu,bu,6,мы.inc,bu,PRON,,
bun,bu-⊘-n,3,давать-nfut-3sg,bɵdej,VERB,,
burin,bu-ri-n,2,давать-pst-3sg,bɵdej,VERB,,
budelen,budele-n,5,нога-poss.3sg,bɵdel,NOUN,,
budələn,budələ-n,2,нога-poss.3sg,bɵdel,NOUN,,
bugeski,buge-ski,4,мир-dir.adv,bug,NOUN,,
bugeren,bugeren,2,бугор,bugeren,NOUN,,
bujum,buju-m,3,дикий.олень-acc,bujun,NOUN,,
bujusmi,buju-s-mi,3,охотиться-plac-sim,bujustej,VERB,,
bukčendule,bukčen-dule,2,остров-loc,букчан,NOUN,,
bunəlteki,bunə-l-teki,3,мертвец-pl-dir,буни,NOUN,,
buŋes,buŋes,2,intj,buŋes,INTJ,,
buŋɲol,buŋɲo-l,2,тупой-pl,buŋɲo,ADJ,,
čajak,čajak,4,intj,čajak,INTJ,,
čajaq,čajaq,3,intj,čajak,INTJ,,
čakran,čak-ra-n,4,собрать-nfut-3sg,čaktaj,VERB,,
čakapta,čaka-p-ta-∅,2,собрать-med-nfut-3pl,čakaptaj,VERB,,
čaqrin,čaq-ri-n,2,собрать-pst-3sg,čaktaj,VERB,,
čaqtə,čaqtə,2,бойкий,čakti,ADJ,,
čas,čas,6,ну1,čas,PART,,
čaš,čaš,14,ну,čas,PART,,
časki,časki,12,дальше,časki,ADJ,,
čawrisnen,čawri-sne-n,4,,_,VERB,,
čjeleďi,čele-ďi,2,весь-ins.poss.refl.sg,čeled'ur,PRON,,
čeleďur,čele-ďur,11,все-ins.poss.refl.pl,čeled'ur,ADJ,,
čjeleďur,čele-ďur,6,все-ins.poss.refl.pl,čeled'ur,ADJ,,
čelewen,čele-we-n,13,все-acc-poss.3sg,čeled'ur,ADJ,,
čjelewen,čele-we-n,7,все-acc-poss.3sg,čeled'ur,ADJ,,
čidatki,čida-tki,2,другая.сторона-dir,čida,NOUN,,
čimekčan,čimekčan,2,мышь,čimakčan,NOUN,,
čirinə,čirinə,2,дьявол,čiriŋi,NOUN,,
Čiriŋe,Čiriŋe,4,Чирины,Čiriŋi,PROPN,,
Čiriŋi,Čiriŋi,8,Чирины,Čiriŋi,PROPN,,
čukačan,čukačan,7,птичка,čukačan,NOUN,,
čurgellen,čurge-l-le-n,2,капать-inch-nfut-3sg,čurgadaj,VERB,,
čurgun,čurgun,2,прямой,čurgun,ADJ,,
dabduqanďinnə,dabd-uqan-ďi-nnə,2,проигрывать-caus-fut-2sg,dabdukandaj,VERB,,
dagrit,dagrit,7,временный,dagrit,ADJ,,
dalsan,dalsan,2,сладко,dalsi,ADV,,
ďaluča,ďalu-ča,2,наесться-ptc.pst,d'aludaj,VERB,,
ďapkaďin,ďapkaďin,5,подробно,d'apkad'in,ADV,,
ďapkan,ďapkan,2,восемь,d'apkan,NUM,,
ďawrin,ďaw-ri-n,5,поймать-pst-3sg,d'awdaj,VERB,,
ďawətnəqan,ďawə-t-nəqan,3,взять-res-sim.sg,d'awdaj,VERB,,
dawsanəkan,dawsa-nəkan,2,встряхивать-sim.sg,dawsadaj,VERB,,
daγrəč,daγrəč,9,просто,dagrič,ADV,,
degelle,dege-l-le-∅,2,лететь-inch-nfut-3pl,degdej,VERB,,
degellen,dege-l-le-n,4,лететь-inch-nfut-3sg,degdej,VERB,,
desčin,desči-⊘-n,2,лежать-nfut-3sg,desčidej,VERB,,
desčir,desči-r,2,лежать-ptc.nfut,desčidej,VERB,,
detleďi,detle-ďi,2,крыло-ins.poss.refl.sg,detle,NOUN,,
dəlďi,dəl-ďi,2,голова-ins.poss.refl.sg,dil,NOUN,,
dələ,dəl-ə,3,голова-poss.refl.sg,dil,NOUN,,
dəlur,dəl-ur,3,голова-poss.refl.pl,dil,NOUN,,
dəlenďan,dəle-nďa-n,2,голова-aug.amlr-poss.3sg,dil,NOUN,,
dənmek,dən-mek,2,величина-restr,din,NOUN,,
dərem,dərem,2,толстый,diram,ADJ,,
ďimšin,ďi-m-ši-n,2,есть-desid-ptc.nfut-poss.3sg,d'ebdej,INTJ,,
ďisčin,ďisčin,3,достаточно,d'isčin,ADV,,
dolan,do-la-n,11,нутро-loc-poss.3sg,do,NOUN,,
doləwur,do-lə-wur,3,нутро-prol-poss.refl.pl,do,NOUN,,
doldən,dol-də-n,2,слышать-pst-3sg,doldadaj,VERB,,
ďoleč,ďol-eč,2,камень-ins,d'ol,NOUN,,
dolbe,dolbe,2,ночь,dolba,NOUN,,
dolbə,dolbə,4,ночь,dolba,NOUN,,
dolbənon,dolbə-no-n,2,ночь-acc-poss.3sg,dolba,NOUN,,
dolden,dolde-⊘-n,6,слышать-nfut-3sg,doldadaj,VERB,,
dolder,dolde-r,4,слышать-cvb.neg,doldadaj,VERB,,
doldər,doldə-r,2,слышать-cvb.neg,doldadaj,VERB,,
doldərin,doldə-ri-n,6,слышать-pst-3sg,doldadaj,VERB,,
doldəriwu,doldə-ri-wu,2,слышать-pst-1sg,doldadaj,VERB,,
ďormirin,ďormi-ri-n,5,красть-pst-3sg,d'ormidaj,VERB,,
ďu,ďu,8,дом,d'u,NOUN,,
ďučantəkiwu,ďu-čan-təki-wu,2,дом-dim2-dir-poss.1sg,d'u,NOUN,,
ďudut,ďu-du-t,2,дом-dat-poss.1pl.inc,d'u,NOUN,,
ďuduki,ďu-duk-i,4,дом-abl-poss.refl.sg,d'u,NOUN,,
ďulle,ďu-l-le,8,дом-pl-loc,d'u,NOUN,,
ďula,ďu-la,7,дом-loc,d'u,NOUN,,
ďulai,ďu-la-i,2,дом-loc-poss.refl.sg,d'u,NOUN,,
ďulan,ďu-la-n,2,дом-loc-poss.3sg,d'u,NOUN,,
ďumŋel,ďu-mŋe-l,2,дом-ag.prof-pl,d'u,NOUN,,
ďuqaqan,ďu-qaqan,2,дом-dim3,d'u,NOUN,,
ďutki,ďu-tki,5,дом-dir,d'u,NOUN,,
ďutkii,ďu-tki-i,13,дом-dir-poss.refl.sg,ďu,NOUN,,
ďutkin,ďu-tki-n,2,дом-dir-poss.3sg,d'u,NOUN,,
ďutkiwur,ďu-tki-wur,2,дом-dir-poss.refl.pl,d'u,NOUN,,
ďuwan,ďu-w-an,2,дом-acc-poss.3sg,d'u,NOUN,,
ďugennon,ďugen-no-n,2,лето-acc-poss.3sg,d'uguni,NOUN,,
ďugula,ďugu-la,2,цель-adj.negposs,d'ugu,NOUN,,
ďugule,ďugu-le,2,дело-loc,d'ugu,NOUN,,
ďuldedun,ďulde-du-n,3,перед-dat-poss.3sg,d'ulde,ADP,,
ďuldelen,ďulde-le-n,4,перед-loc-poss.3sg,d'ulde,ADP,,
ďuləpki,ďuləpki,6,вперёд,d'ulepki,ADV,,
ďur,ďur,2,два,d'ɵr,NUM,,
eče,e-če,2,neg.aux-ptc.pst,edej,VERB,,
ečis,e-či-s,2,neg.aux-pst-2sg,edej,VERB,,
ečiwu,e-či-wu,3,neg.aux-pst-1sg,edej,VERB,,
edei,e-de-i,10,neg.aux-purp-poss.refl.sg,edej,VERB,,
eden,e-de-n,11,neg.aux-purp-3sg,edej,VERB,,
edes,e-de-s,2,neg.aux-nfut-2sg,edej,VERB,,
edeten,e-de-ten,2,neg.aux-nfut-3pl,edej,VERB,,
edetən,e-de-tən,2,neg.aux-nfut-3pl,edej,VERB,,
edən,e-də-n,2,neg.aux-purp-poss.3sg,edej,VERB,,
eďi,e-ďi,18,neg.aux-imp.2sg,edej,VERB,,
edlei,e-dle-i,7,neg.aux-neg.term-poss.refl.sg,edej,VERB,,
edŋewu,e-dŋe-wu,2,neg.aux-ptc.fut-1sg,edej,VERB,,
edu,e-du,5,dem.prox-dat,erek,ADV,,
edut,e-du=t,3,dem.prox-dat=foc,erek,ADV,,
e-e,e-e,2,intj,e,INTJ,,
ele,e-le,15,dem.prox-loc,erek,ADV,,
emi,e-mi,2,neg.aux-cond.ss,edej,VERB,,
enəken,e-nəken,4,neg.aux-sim,edej,VERB,,
esnə,e-s-nə,13,neg.aux-nfut-3sg,edej,VERB,,
esnəde,e-s-nə=de,4,neg.aux-nfut-3sg=add,edej,VERB,,
esem,e-se-m,2,neg.aux-nfut-1sg,edej,VERB,,
esen,e-se-n,3,neg.aux-nfut-3sg,edej,VERB,,
eten,e-t-te-n,8,neg.aux-prog-nfut-3sg,edej,VERB,,
etem,e-te-m,3,neg.aux-nfut-3sg,edej,VERB,,
etende,e-te-n=de,2,neg.aux-nfut-3sg=add,edej,VERB,,
ebďendə,ebďen-də,4,веселье-adj.rel,ebd'endi,ADJ,,
eč,eč,2,neg,eč,PART,,
ečin,ečin,4,этак,ečin,ADV,,
edendule,eden-dule,2,ветер-loc,eden,NOUN,,
eg,eg,2,intj,eg,INTJ,,
egďemkər,egďe-mkər,4,большой-aug.spr,egd'emker,ADJ,,
egdes,egde-s,3,рваться-adv,egdedej,VERB,,
egnekle,egnek-le,2,перевал-loc,egnek,NOUN,,
ejdelen,ej-dele-n,2,поверхность-loc-poss.3sg,oj,NOUN,,
ejdu,ej=du,3,все=quant,ejdu,ADJ,,
ejedukun,eje-duk-un,2,верхушка-abl-poss.3sg,eje,ADP,,
ejelen,eje-le-n,6,вершина-loc-poss.3sg,eje,ADP,,
ejumkusnen,ejumku-sne-⊘-n,2,легчать-mom-nfut-3sg,ejumkusnedej,VERB,,
ek,ek,2,dem.prox,erek,ADV,,
ekič,ekič,8,невозможно,ekič,ADV,,
elbək,elbək,3,полог,elbek,NOUN,,
eldur-de,eldur=de,2,к.счастью=add,eldur,ADV,,
eleken,eleken,8,достаточный,eleken,ADJ,,
elekes,elekes,12,сперва,elekes,ADV,,
elen,elen,3,бравый,elen,ADJ,,
eləŋen,eləŋe-⊘-n,2,спешить-nfut-3sg,eliŋdej,VERB,,
eləwen,eləwen,2,истинный,eliwun,ADJ,,
eləwnen,eləw=nen,3,истинный=emph,eliwun,ADJ,,
elgesnen,elge-sne-⊘-n,2,увести-mom-nfut-3sg,elgesnedej,VERB,,
elgum,elgu-m,2,упряжь-acc,elgun,NOUN,,
elgun,elgun,2,упряжь,elgun,NOUN,,
eluru,elur-u,2,могучий-acc,elur,ADJ,,
em,em,3,intj,em,INTJ,,
emmotən,em-mo-tə-n,2,приходить-freq-pst-3sg,emmottej,VERB,,
emmottən,em-mot-tə-n,2,приходить-freq-pst-3sg,emmottej,VERB,,
emne,em-ne,2,приходить-cvb.neg,emdej,VERB,,
emnen,em-ne-n,5,приходить-nfut-3sg,emdej,VERB,,
emnən,em-nə-n,7,приходить-pst-3sg,emdej,VERB,,
emnəš,em-nə-š,2,приходить-pst-2sg,emdej,VERB,,
emnətən,em-nə-tən,5,приходить-pst-3pl,emdej,VERB,,
emnəwu,em-nə-wu,5,приходить-pst-1sg,emdej,VERB,,
emulə,em-u-lə,2,приходить-ad-imp.2sg,emudej,VERB,,
emdeďi,emde-ďi,3,внутренность-ins.poss.refl.sg,emde,ADP,,
emebtən,eme-b-tə-n,2,приходить-med-pst-3sg,emebdej,VERB,,
emedden,eme-d-de-n,2,приходить-prg-nfut-3sg,emdej,VERB,,
emenən,eme-nə-n,3,оставлять-pst-3sg,emendej,VERB,,
emurin,emu-ri-n,2,принести-pst-3sg,emudej,VERB,,
emuwettən,emu-wet-tə-n,3,принести-freq-pst-3sg,emuwettej,VERB,,
enelu,enelu,2,больно,enelu,INTJ,,
eninne,eninne,4,старушка,eninne,NOUN,,
eninnečil,eninne-čil,2,старушка-com.anim,eninne,NOUN,,
entekeje,ente-keje,5,очень-aug,entekeje,ADV,,
entukuken,entuku-ken,5,тихий-dim,entukun,ADJ,,
eŋennə,eŋe-n-nə,3,выглядывать-nfut-3sg,eŋendej,VERB,,
eŋi,eŋi,3,сила,eŋi,NOUN,,
eŋile,eŋi-le,2,сила-adj.negposs,eŋi,NOUN,,
eŋklu,eŋklu,2,intj,eŋklu,INTJ,,
eŋnəde,eŋnəde,3,,_,,,
eŋullen,eŋu-l-le-n,2,ужас-inch-nfut-3sg,eŋundej,NOUN,,
epiŋe,epiŋe,3,Эпиннэ,Epiŋe,PROPN,,
epkelə,epke-lə,3,ловить-imp,epkedej,VERB,,
epkennə,epke-n-nə,2,ловить-nfut-3sg,epkedej,VERB,,
er,er,20,dem.prox,erek,ADV,,
erteken,er=teken,3,dem.prox=restr,erek,ADV,,
erdelən,erdelən,2,dem.prox-loc-poss.3sg/низ-loc-poss.3sg,erek,ADV,,
erelə,ere-lə,8,dem.prox-loc,erek,ADV,,
erešin,ere-ši-n,2,выгонять-pst-3sg,erestej,VERB,,
erew,ere-w,5,dem.prox-acc,erek,ADV,,
ereger,ereger,4,всегда,ereger,ADV,,
eregle,eregle,10,совсем,eregle,ADV,,
erek,erek,29,dem.prox,erek,ADV,,
erek-nen,erek=nen,2,dem.prox=emph,erek,ADV,,
eriďillən,eri-ďi-l-lə-n,4,звать-prog-inch-pst-3sg,eridej,VERB,,
erišnən,eri-šnə-Ø-n,2,звать-mom-nfut-3sg,erisnedej,VERB,,
ero,ero,16,вот,ero,PART,,
eroj,eroj,7,вот,ero,PART,,
eruku,eruk-u,2,сумка-acc,eruk,NOUN,,
erukelbi,eruke-l-bi,2,сумка-pl-poss.refl.sg,eruk,NOUN,,
etenə,e-te-nə,2,neg.aux-nfut-3sg,edej,VERB,,
etekeďur,eteke-ďur,2,резвый-ins.poss.refl.pl,eteke,ADJ,,
etəkel,etəke-l,4,старик-pl,etiken,NOUN,,
etəkem,etəke-m,2,старик-acc,etiken,NOUN,,
etəker,etəke-r,8,старик-pl,etiken,NOUN,,
etəken,etəken,48,старик,etiken,NOUN,,
etəkentəki,etəken-təki,3,старик-dir,etiken,NOUN,,
ew,ew,5,intj,ew,INTJ,,
Ewene,Ewene,4,Эвэнэ,Ewene,PROPN,,
eweski,eweski,4,сюда,awaski,ADV,,
ewəne,ewəne,15,Эвэнэ,Ewene,PROPN,,
ewəški,ewəški,3,куда,awaski,ADV,,
ewgile,ewgile,2,на.этой.стороне,ewgile,ADV,,
əšne,ə-š-ne,3,neg.aux-nfut-3sg,edej,VERB,,
əšnə,ə-š-nə,7,neg.aux-nfut-3sg,edej,VERB,,
əšnə-de,ə-š-nə=de,3,neg.aux-nfut-3sg=add,edej,VERB,,
əməďinnə,əmə-ďi-⊘-nnə,2,приходить-prog-nfut-2sg,emdej,VERB,,
ərkəi,ərkə-i,2,штаны-poss.refl.sg,erke,NOUN,,
gjekič,g'eki-č,4,разный-ins,g'aki,ADV,,
gjekiw,g'eki-w,2,разный-acc,g'aki,ADJ,,
gjeŋanəkan,g'eŋa-nəkan,2,скулить-sim.sg,g'aŋadaj,VERB,,
gjewen,g'ewen,3,рассвет,g'ewan,NOUN,,
gadnə,ga-d-nə,2,взять-nfut-3sg,gadaj,VERB,,
gadən,ga-də-n,8,взять-pst-3sg,gadaj,VERB,,
galə,ga-lə,5,брать-imp.2sg,gadaj,VERB,,
garduk,gar-duk,2,ветка-abl,gar,NOUN,,
gasčin,gasči-⊘-n,2,просить-nfut-3sg,gasčidaj,VERB,,
ge,ge,12,ну,ge,PART,,
gelnedei,gel-ne-de-i,2,искать-mcp-purp-poss.refl.sg,gelnedej,VERB,,
gelnerin,gel-ne-ri-n,4,искать-mcp-pst-3sg,gelnedej,VERB,,
geletmi,gele-t-mi,3,искать-prog-cond.ss,gelnedej,VERB,,
geletədətən,gele-tə-də-tə-n,2,искать-res-prog-nfut-3sg,gelnedej,VERB,,
geletəddəm,geletə-d-də-m,2,искать-prog-pst-1sg,gelnedej,VERB,,
geletədəm,geletə-də-m,2,искать-pst-1sg,gelnedej,VERB,,
gelneďim,gene-ďi-m,2,искать-mcp-fut-1sg,gelnedej,VERB,,
gərbən,gərbə-n,4,имя-poss.3sg,gerbe,NOUN,,
gid,gid,3,копье,g'id,NOUN,,
giinnə,gii-n-nə,3,молчать-nfut-3sg,giindej,VERB,,
girken,girke-⊘-n,2,ходить-nfut-3sg,girkadaj,VERB,,
girqəddən,girqə-d-də-n,2,ходить-prog-pst-3sg,girkadaj,VERB,,
gjan,gja-n,2,друг-poss.3sg,g'a,NOUN,,
gowette,go-wet-te-∅,2,сказать-freq-nfut-3pl,gɵwettej,VERB,,
gorkam,gor-ka-m,2,долгий-dim-acc,gor,ADV,,
goru,gor-u,9,долгий-acc,gor,ADV,,
gukil,gu-kil,2,сказать-proh,gɵndej,VERB,,
gunnə,gu-n-nə,21,сказать-nfut-3sg,gɵndej,VERB,,
gunə,gu-nə,2,сказать-cvb.neg,gɵndej,VERB,,
gunən,gu-nə-n,9,сказать-pst-3sg,gɵndej,VERB,,
gunətən,gu-nə-tən,3,сказать-pst-3pl,gɵndej,VERB,,
gunəwu,gu-nə-wu,2,сказать-pst-1sg,gɵndej,VERB,,
guďejleďir,guďejleďi-r,2,жалкий-pl,гудей,ADJ,,
guďejleďin,guďejleďin,3,жалкий,гудей,ADJ,,
gukič,gukič,3,mir,gukič,PART,,
guldeger,gulde-ger,2,договариваться-hor,гɵлдэдэй,VERB,,
gulkečen,gulke-čen,2,важенка-dim2,gulkačan,NOUN,,
Gullere,Gullere,2,Гуллере,Gullere,PROPN,,
gurgew,gurge-w,2,дело-acc,gurge,NOUN,,
gusete,gusete,9,орел,gusete,NOUN,,
i,i,9,ты,i,PRON,,
iďottən,i-ďot-tə-n,2,входить-freq-pst-3sg,id'ottej,VERB,,
idu,i-du,3,dem.q-dat,irek,PRON,,
i-i,i-i,2,intj,i,PRON,,
ilada,i-la=da,2,dem.q-loc=add,irek,PRON,,
ile,i-le,15,dem.q-loc,irek,PRON,,
ilede,i-le=de,3,dem.q-loc=add,irek,PRON,,
ile-kə,i-le=kə,2,dem.q-loc=emph,irek,PRON,,
ile-nen,i-le=nen,4,dem.q-loc=emph,irek,PRON,,
ilewuč,i-le=wuč,8,dem.q-loc=indef,irek,PRON,,
irin,i-ri-n,4,входить-pst-3sg,idej,VERB,,
išnə,i-š-nə,2,звучать-nfut-3sg,idej,VERB,,
išnən,i-šnə-Ø-n,2,входить-mom-nfut-3sg,isnedej,VERB,,
itendu,i-ten=du,8,dem.q-poss.3pl=quant,irek,PRON,,
i-nen,i=nen,3,ты=emph,i,PRON,,
ič,ič,2,neg,eč,PART,,
iččinnə,ič-či-nnə,2,видеть-fut-2sg,ittej,VERB,,
ičun,ič-u-∅-n,2,видеть-ad-nfut-3sg,ičudej,VERB,,
ičullen,ič-u-l-le-n,2,видеть-ad-inch-nfut-3sg,ičudej,VERB,,
ičur,ič-u-r,5,видеть-ad-cvb.neg,ičudej,VERB,,
ičusnotten,ič-u-sn-ot-te-n,2,видеть-ad-mom-freq-nfut-3sg,ičudej,VERB,,
ičusnen,ič-u-sne-⊘-n,4,видеть-ad-mom-nfut-3sg,ičusnedej,VERB,,
ičušnən,ič-u-šnə-Ø-n,2,видеть-ad-mom-nfut-3sg,ičudej,VERB,,
ičimnənte,iči-m-nə-n=te,2,видеть-plur-pst-3sg=add,ičimdej,VERB,,
ičimelden,iči-me-l-de-n,2,видеть-plur-inch-nfut-3sg,ičimdej,VERB,,
idleken,idleken,2,всё.же,idleken,ADV,,
igle,ig-le,2,звук-adj.negposs,ig,NOUN,,
igen,ige-n,3,звук-poss.3sg,ig,NOUN,,
igeddə,igeddə,2,свежевальщик,igedde,NOUN,,
illən,il-lə-n,4,встать-pst-3sg,ildaj,VERB,,
ilan-ďur,ilan-ďur,2,три-два,ilan-d'ɵr,NUM,,
iləčiddən,ilə-či-d-də-n,4,встать-res-prog-pst-3sg,ildaj,VERB,,
ilən,ilən,2,три,илан,NUM,,
ilgen,ilge-⊘-n,2,лезть-nfut-3sg,ильгэдэй,VERB,,
Ilikkaja,ilikkaja,7,Иликкая,Ilikkaja,PROPN,,
ilken,ilken,2,вот.как,ilken,PART,,
ilkente,ilken=te,2,вот.как=add,ilken,PART,,
ilqən,ilqən,13,вот.как,ilken,PART,,
imanna,imanna,3,снег,иманра,NOUN,,
in,in,10,ты.obl,i,PRON,,
indu,in-du,2,ты-dat,i,PRON,,
inŋi,in-ŋi,2,ты-poss.pred,i,PRON,,
inu,in-u,15,ты.obl-acc,i,PRON,,
ineg,ineg,2,dem.q.attr,irek,PRON,,
ineŋ,ineŋ,2,день,ineŋ,NOUN,,
ineŋu,ineŋ-u,3,день-acc,ineŋ,NOUN,,
inəč,inə-č,2,ты-ins,i,PRON,,
inəw,inə-w,3,день-acc,ineŋ,NOUN,,
inəŋ,inəŋ,2,день,ineŋ,NOUN,,
inmač,inma-č,8,быстрый-ins,inmač,ADV,,
inŋeten,inŋete-n,4,шерсть-poss.3sg,inŋat,NOUN,,
inurin,inu-ri-n,2,добить-pst-3sg,inudaj,VERB,,
iqutəč,iqutə-č,16,тихий-ins,ikutič,ADV,,
irren,ir-re-n,2,тащить-nfut-3sg,irandaj,VERB,,
irami,ira-mi,3,дыхание-poss.refl.sg,iran,NOUN,,
iraŋa,ira-ŋa,2,дышать-cvb.neg.mod,iradaj,VERB,,
irannə,iran-nə,2,дыхание-poss.3sg,iran,NOUN,,
irew,ire-w,2,dem.q-acc,irek,PRON,,
irekegteki,irek-eg-teki,2,dem.q-тальник-dir,irek,PRON,,
irekegle,irekeg-le,2,роща-loc,irekeg,NOUN,,
irekləde,ireklə=de,2,чёткий=add,irekle,ADJ,,
irepken,irepken,2,незаметно,irepken,ADV,,
ireptu,ireptu,6,conseq,ireptu,SCONJ,,
irəptu,irəptu,2,conseq,ireptu,SCONJ,,
irgedun,irge-du-n,2,хвост-dat-poss.3sg,irge,NOUN,,
irgei,irge-i,4,хвост-poss.refl.sg,irge,NOUN,,
irgen,irge-n,6,хвост-poss.3sg,irge,NOUN,,
irken,irke-∅-n,2,кричать-nfut-3sg,irkadaj,VERB,,
irkellen,irke-l-le-n,3,кричать-inch-nfut-3sg,irkadaj,VERB,,
irkenəkan,irkenə-kan,2,крик-dim,irkanakan,NOUN,,
irqəddən,irqə-d-də-n,2,кричать-prog-pst-3sg,irkadaj,VERB,,
irqəďillən,irqə-ďi-l-lə-n,3,кричать-prog-inch-pst-3sg,irkadaj,VERB,,
irročin,irročin,3,который,irročin,PRON,,
isen,ise-n,2,шкура.оленя-poss.3sg,ise,NOUN,,
itte,it-te-⊘,6,видеть-nfut-3pl,ittej,VERB,,
itten,it-te-n,10,видеть-nfut-3sg,ittej,VERB,,
ittə,it-tə-⊘,5,видеть-nfut-3pl,ittej,VERB,,
ittən,it-tə-n,11,видеть-pst-3sg,ittej,VERB,,
ittəďi,it-təďi,5,видеть-ant.sg,ittej,VERB,,
itu,it-u,3,зуб-acc,it,NOUN,,
iwerče,iwerče,2,dem.q.attr2,irek,ADJ,,
iwerennə,iweren-nə,2,перегибать-cvb.neg,iwerendej,VERB,,
iγle,iγ-le,2,звук-loc,ig,NOUN,,
jač,ja-č,3,что-ins,jak,NOUN,,
jadu,ja-du,4,что-dat,jak,NOUN,,
ja-jaq,ja-jaq,2,что-что,jak,NOUN,,
jala,ja-la,2,что-loc,jak,NOUN,,
jalan,ja-la-n,2,что-loc-poss.3sg,jak,NOUN,,
jaldəwen,ja-ldəwen,2,что-nmz.tool,jak,NOUN,,
jasčinnə,ja-sči-∅-nnə,2,что-con-nfut-2sg,jasčidaj,VERB,,
jaw,ja-w,18,что-acc,jak,NOUN,,
jaw-da,ja-w=da,13,что-acc=add,jak,NOUN,,
jawda,ja-w=da,11,что-acc=add,jak,NOUN,,
jawan,ja-wa-n,2,что-acc-poss.3sg,jak,NOUN,,
jawuč,ja=wuč,4,что=indef,jak,NOUN,,
jawučiši,ja=wuči=ši,2,что=indef=emph,jak,NOUN,,
jajaq,jajaq,3,intj,jajak,INTJ,,
jak,jak,26,что,jak,NOUN,,
jakta,jak=ta,3,что=add,jak,NOUN,,
jakuč,jak=uč,7,что=indef,jak,NOUN,,
jakitala,jakita-la,4,лиственница-loc,jakita,NOUN,,
jami,jami,33,почему,jami,ADV,,
jamikke,jami=kke,3,почему=emph,jami,ADV,,
jamiwuč,jami=wuč,5,почему=indef,jami,ADV,,
jaq,jaq,15,что,jak,NOUN,,
jaqowu,jaqowu,2,какой,jakowu,ADJ,,
jarudai,jaru-da-i,2,проверять-purp-poss.refl,jarudaj,VERB,,
jarudaku,jaru-da-ku,3,проверить-purp-1sg,jarudaj,VERB,,
jaruďim,jaru-ďi-m,2,проверять-fut-1sg,jarudaj,VERB,,
jasaldar,jasal-da-r,2,глаз-act-cvb.neg,jasal,NOUN,,
jasalə,jasal-ə,4,глаза-poss.refl.sg,jasal,NOUN,,
kabjewu,kab'e-wu,2,куропатка-acc,kab'ew,NOUN,,
kabjew,kab'ew,3,куропатка,kab'ew,NOUN,,
Kagane,Kagane,2,Каганэ,Kagane,PROPN,,
Kagankan,Kagankan,2,Каганкан,Kagankan,PROPN,,
kamu,kam-u,5,юкола-acc,kam,NOUN,,
kamuw,kamuw,3,ладно,kamuw,ADV,,
karaldaďim,karalda-ďi-m,5,срубить-fut-1sg,karaldadaj,VERB,,
keɲələ,keɲələ,10,плохой,keɲeli,ADJ,,
keɲələč,keɲələ-č,2,плохой-ins,keɲeli,ADJ,,
keɲələw,keɲələ-w,2,плохой-acc,keɲeli,ADJ,,
kiɲarkinnə,kiɲa-r-ki-n-nə,2,держать.хвост.торчком-intr-plur-nfut-3sg,kiɲarkidaj,VERB,,
kiŋisatkan,kiŋi-sa=tkan,2,,_,VERB,,
kiso,kiso,19,intj,kiso,INTJ,,
kobalam,kobala-m,2,медведь-acc,kobalan,NOUN,,
kobalan,kobalan,5,медведь,kobalan,NOUN,,
koč,koč,5,наверное,koč,ADV,,
kog,kog,2,intj,kog,INTJ,,
koiwča,koi-w-ča,2,обхитрить-ad-ptc.pst,koiwdaj,VERB,,
kojes,koje-∅-s,4,смотреть-nfut-2pl,kojedej,VERB,,
koječiddən,koje-či-d-də-n,3,смотреть-res-prog-pst-3sg,kojedej,VERB,,
koječiďillən,koje-či-ďi-l-lə-n,3,смотреть-res-prog-inch-pst-3sg,kojedej,VERB,,
kojer,koje-r,2,смотреть-cvb.neg,kojedej,VERB,,
kojetten,koje-t-te-n,2,смотреть-res-nfut-3sg,kojedej,VERB,,
kojettə,koje-t-tə-⊘,3,смотреть-prog-nfut-3pl,kojedej,VERB,,
kojetlə,kojet-lə,3,смотреть-imp.2sg,kojedej,VERB,,
kojetlələ,kojet-lələ,2,смотреть-imp.2pl,kojedej,VERB,,
kojetmi,kojet-mi,2,смотреть-cond.ss,kojedej,VERB,,
koken,koken,3,гибель,koken,NOUN,,
kollaŋa,kollaŋa,7,ворон,kollaŋa,NOUN,,
kollaŋaw,kollaŋa-w,4,ворон-acc,kollaŋa,NOUN,,
Kongaɲ,Kongaɲ,2,Конгань,Kongaɲ,PROPN,,
Konnara,Konnara,4,Коннара,Konnara,PROPN,,
kosalan,kosalan,4,стремительный,kosalan,ADJ,,
Košalan,Košalan,2,Косалан,Kosalan,PROPN,,
kow,kow,3,дружище,kow,NOUN,,
kubdenukannə,kubdenuka-n-nə,2,хлопнуть-nfut-3sg,kubdenukadaj,VERB,,
kuŋakar,kuŋa-ka-r,2,ребёнок-dim1-pl,kuŋa,NOUN,,
kureldeďim,kurelde-ďi-m,5,свалить-fut-1sg,kureldedej,VERB,,
kuren,kuren,2,нарочно,kureɲ,ADV,,
kureprun,kurepru-⊘-n,3,свистеть-nfut-3sg,kureprudej,VERB,,
kurən,kurən,2,нарочно,kureɲ,ADV,,
kuščiddən,kušči-d-də-n,3,пасти-prog-pst-3sg,kɵsčidej,VERB,,
mjallən,m'al-lə-n,4,проснуться-pst-3sg,m'aldaj,VERB,,
mannəďi,man-nəďi,2,доесть-ant.sg,mandaj,VERB,,
manurin,man-u-ri-n,2,кончить-ad-pst-3sg,manudaj,VERB,,
mannun,mannu-⊘-n,6,постараться-nfut-3sg,mannudaj,VERB,,
mannulə,mannu-lə,4,постараться-imp.2sg,mannudaj,VERB,,
mannutmi,mannu-t-mi,2,постараться-prog-cond.ss,mannudaj,VERB,,
mata,mata,11,дружище,mata,NOUN,,
mer,me-r,3,refl-pl,meni,PRON,,
merker,me-r-ke-r,2,refl-pl-dim-pl,meni,PRON,,
medden,med-de-n,2,заметить-nfut-3sg,meddej,VERB,,
meddən,med-də-n,2,заметить-pst-3sg,meddej,VERB,,
meluŋčin,meluŋči-∅-n,3,прыгнуть-nfut-3sg,meluŋčidej,VERB,,
men,men,11,refl,meni,PRON,,
menə,men-ə,5,refl-poss.refl.sg,meni,PRON,,
menken,men-ken,19,refl-dim,menken,ADV,,
menkiďi,men-kiď-i,2,refl-elat-poss.refl.sg,meni,PRON,,
mentekii,men-teki-i,2,refl-dir-poss.refl.sg,meni,PRON,,
meŋčir,meŋ-či-r,2,удивиться-res-cvb.neg,m'aŋdaj,VERB,,
mereldədən,mereldə-də-n,2,вертеться-pst-3sg,mereldidej,VERB,,
mergečiďillə,merge-či-ďi-llə,2,думать-prog-imp.2pl,mergettej,VERB,,
mergendə,mergen-də,2,думать-ptc.nfut,mergettej,VERB,,
metun,metu-⊘-n,2,сообщить-nfut-3sg,metudej,VERB,,
mərəŋtew,mərəŋte-w,3,лыжи-acc,mereŋte,NOUN,,
mərəŋtəl,mərəŋtə-l,2,лыжи-pl,mereŋte,NOUN,,
min,min,20,я.obl,bi,PRON,,
mindu,min-du,4,я.obl-dat,bi,PRON,,
minu,min-u,18,я.obl-acc,bi,PRON,,
minerin,mine-ri-n,2,резать-pst-3sg,minedej,VERB,,
mjawəntəki,m'awən-təki,2,сердце-dir,m'awun,NOUN,,
mo,mo,7,дерево,mo,NOUN,,
moi,mo-i,2,дерево-poss.refl.sg,mo,NOUN,,
mow,mo-w,12,дерево-acc,mo,NOUN,,
momiw,momi-w,2,лодка-acc,momi,NOUN,,
mu,mu,2,вода,mɵ,NOUN,,
muč,mu-č,2,вода-ins,mɵ,NOUN,,
mule,mu-le,2,вода-loc,mɵ,NOUN,,
muw,mu-w,2,вода-acc,mɵ,NOUN,,
mudna,mudna,4,конец.adj.negposs,mudan,NOUN,,
mulgen,mulge-⊘-n,5,придумать-nfut-3sg,mulgadaj,VERB,,
multun,multu-∅-n,2,освободить-nfut-3sg,multudaj,VERB,,
mun,mun,5,мы.inc.obl,bu,PRON,,
munu,mun-u,2,мы.inc-acc,bu,PRON,,
munnuqalbə,munnuqa-l-bə,2,заяц-pl-acc,munnukan,NOUN,,
munnuqar,munnuqa-r,7,заяц-pl,munnukan,NOUN,,
murčin,murči-⊘-n,2,взобраться-nfut-3sg,murčidaj,VERB,,
mut,mut,7,мы.exc,mut,PRON,,
nadnə,na-d-nə,2,наткнуться-nfut-3sg,nadaj,VERB,,
nabutten,nabut-te-n,2,огорчаться-nfut-3sg,nabuttaj,VERB,,
Nakatča,Nakatča,14,Накатча,Nakatča,PROPN,,
nam,nam,2,море,nam,NOUN,,
nan,nan,97,и,ɲan,CCONJ,,
nanda,nan=da,11,и=add,ɲan,CCONJ,,
narga,narga,4,нерпа,narga,NOUN,,
nargal,narga-l,2,нерпа-pl,narga,NOUN,,
nawtaw,nawta-w,2,ягель-acc,nawta,NOUN,,
nednə,ne-d-nə,2,класть-nfut-3sg,nedej,VERB,,
nedən,nedən,5,семь,nadan,NUM,,
nei,nei,2,новый,nei,ADJ,,
neič,nei-č,4,новый-ins,neič,ADV,,
nekčinnə,nek-či-nnə,2,заниматься-fut-2sg,ɲektej,VERB,,
nekeďinnə,neke-ďi-∅-nnə,2,заниматься-prog-nfut-2sg,ɲektej,VERB,,
nekičjen,neki-čen,4,мышь-dim2,nekičen,NOUN,,
nekker,nekker,2,приладить-hor/быть.бодрым-cvb.neg,,VERB,,
nemeku,nemek-u,3,жир-acc,nemek,NOUN,,
nəkrin,nək-ri-n,2,вешать-pst-3sg,noktaj,VERB,,
nimkaŋiďi,nimkaŋi-ďi,2,посох-ins.poss.refl.sg,ninkami,NOUN,,
nimŋesetken,nimŋe-se=tken,2,глотать-plac=restr,nimnedej,VERB,,
nipkuritən,nipku-ri-tən,2,приносить.течением-pst-3pl,nipkudaj,VERB,,
niseč,nise-č,3,счастье-ins,nise,NOUN,,
niselberin,nise-lbe-ri-n,2,счастье-get-pst-3sg,nise,NOUN,,
nod,nod,3,красивый,nod,ADJ,,
noŋman,noŋ-ma-n,25,он-acc-poss.3sg,noŋan,PRON,,
noŋman-qə,noŋ-ma-n=qə,2,он-acc-poss.3sg=emph,noŋan,PRON,,
noŋmar,noŋ-ma-r,2,он-acc-pl,noŋan,PRON,,
noŋan,noŋa-n,7,он-poss.3sg,noŋan,PRON,,
noŋantakin,noŋa-n-taki-n,2,он-poss.3sg-dir-poss.3sg,noŋan,PRON,,
noŋən,noŋə-n,26,он-poss.3sg,noŋan,PRON,,
noŋən-qə,noŋə-n=qə,2,он-poss.3sg=emph,noŋan,PRON,,
noŋərbutən,noŋə-r-bu-tən,4,он-pl-acc-poss.3pl,noŋan,PRON,,
noŋərtəl,noŋə-r-tə-l,4,он-pl-poss.3pl-pl,noŋan,PRON,,
noŋərtən,noŋə-r-tən,4,он-pl-poss.3pl,noŋan,PRON,,
noŋəndu,noŋən-du,2,он-dat,noŋan,PRON,,
noŋəndulan,noŋən-dula-n,2,он-loc-poss.3sg,noŋan,PRON,,
noŋəntəkin,noŋən-təki-n,3,он-dir-poss.3sg,noŋan,PRON,,
noqutən,noqu-tə-n,2,висеть-pst-3sg,nokuttaj,VERB,,
noseγčjer,noseγče-r,9,молодой-pl,nosegčen,NOUN,,
nošeγčjen,nošeγčen,3,молодой,nosegčen,NOUN,,
nurin,nu-ri-n,2,вынимать-pst-3sg,nudaj,VERB,,
nuwur,nu-wur,3,младший.брат-poss.refl.pl,nɵ,NOUN,,
nulgəddən,nulgə-d-də-n,2,кочевать-prog-pst-3sg,nulgedej,VERB,,
nuŋil,nuŋi-l,2,сестра-pl,nuŋi,NOUN,,
ɲadač,ɲada-č,3,поздний-ins,ɲada,ADV,,
ɲamnišnən,ɲamni-šnə-⊘-n,3,мчаться-mom-nfut-3sg,ɲamnidaj,VERB,,
ɲan,ɲan,77,и,ɲan,CCONJ,,
ɲan-da,ɲan=da,10,и=add,ɲan,CCONJ,,
ɲanin,ɲanin,5,небо,ɲanin,NOUN,,
ɲanindula,ɲanin-dula,2,небо-loc,нянин,NOUN,,
ɲanindulə,ɲanin-dulə,2,небо-loc,нянин,NOUN,,
ɲonən,ɲo-nə-n,6,убежать-pst-3sg,ɲondaj,VERB,,
ɲonətən,ɲo-nə-tən,4,убежать-pst-3pl,ɲondaj,VERB,,
ɲobatə,ɲobatə,3,белый,нёбаты,ADJ,,
ɲojake,ɲojake,12,Неякалан,Ɲojeke,PROPN,,
Njojeke,Ɲojeke,10,Неякалан,Ɲojeke,PROPN,,
Njojekew,Ɲojeke-w,2,Нёекэ-acc,Ɲojeke,PROPN,,
ɲomečeltəki,ɲomeče-l-təki,2,мертвец-pl-dir,ɲomeč,NOUN,,
ɲoŋčišnən,ɲoŋči-š-nə-n,2,убежать-mom-pst-3sg,ɲoŋčidaj,VERB,,
ɲoγe,ɲoγe,2,Нюгэя,Ɲuŋeja,PROPN,,
ɲun,ɲu-⊘-n,2,выходить-nfut-3sg,ɲɵdej,VERB,,
ɲuddən,ɲu-d-də-n,2,выходить-prog-pst-3sg,ɲɵdej,VERB,,
ɲulə,ɲu-lə,2,выходить-imp.2sg,ɲɵdej,VERB,,
ɲur,ɲu-r-∅,2,выходить-nfut-3pl,ɲɵdej,VERB,,
ɲurin,ɲu-ri-n,8,выходить-pst-3sg,ɲɵdej,VERB,,
ɲultem,ɲulte-m,9,солнце-acc,ɲulten,NOUN,,
ɲulten,ɲulten,11,солнце,ɲɵlten,NOUN,,
ɲultenteki,ɲulten-teki,2,солнце-dir,ɲɵlten,NOUN,,
Njuŋeja,Ɲuŋeja,3,Нюгэя,Ɲuŋeja,PROPN,,
ɲuriďi,ɲuriď-i,2,волосы-poss.refl.sg,ɲurit,NOUN,,
ŋallan,ŋal-la-n,2,рука-loc-poss.3sg,ŋal,NOUN,,
ŋallə,ŋal-lə,2,рука-prol,ŋal,NOUN,,
ŋallon,ŋal-lo-n,2,рука-pl-poss.3sg,ŋal,NOUN,,
ŋalən,ŋalə-n,2,рука-poss.3sg,ŋal,NOUN,,
ŋellə,ŋel-lə,2,страх-adj.negposs,ŋelem,ADJ,,
ŋerin,ŋeri-n,2,светлый-poss.3sg,ŋeri,ADJ,,
ŋənən,ŋə-nə-n,2,двигаться-pst-3sg,ŋendej,VERB,,
ŋi,ŋi,4,кто,ŋi,NOUN,,
ŋiw,ŋi-w,2,кто-acc,ŋi,NOUN,,
ŋiwde,ŋi-w=de,4,кто-acc=add,ŋi,NOUN,,
ŋi-de,ŋi=de,5,кто=add,ŋi,NOUN,,
ŋide,ŋi=de,4,кто=add,ŋi,NOUN,,
ŋikke,ŋi=kke,3,кто=emph,ŋi,NOUN,,
ŋisi,ŋi=si,2,кто=emph,ŋi,NOUN,,
ŋiwuč,ŋi=wuč,5,кто=indef,ŋi,NOUN,,
ŋiwučiši,ŋi=wuči=ši,5,кто=indef=emph,ŋi,NOUN,,
ŋinəl,ŋinə-l,3,собака-pl,ŋin,NOUN,,
ŋogdak,ŋogdak,2,стоп,ŋogdak,INTJ,,
ŋowannəkan,ŋowan-nəkan,2,нюхать-sim.sg,ŋowandaj,VERB,,
ŋuneč,ŋuneč,2,прямо,ŋuneč,ADV,,
oča,o-ča,2,стать-ptc.pst,odaj,VERB,,
odnə,o-d-nə,12,стать-nfut-3sg,odaj,VERB,,
odaku,o-da-ku,2,стать-purp-1sg,odaj,VERB,,
odan,o-da-n,2,стать-purp-3sg,odaj,VERB,,
odem,o-de-m,2,стать-nfut-1sg,odaj,VERB,,
odən,o-də-n,24,стать-pst-3sg,odaj,VERB,,
odətən,o-də-tən,2,стать-purp-poss.3pl,odaj,VERB,,
odəwu,o-də-wu,3,стать-pst-1sg,odaj,VERB,,
odəďi,o-dəďi,5,стать-ant.sg,odaj,VERB,,
odəqən,o-dəqən,2,стать-sim,odaj,VERB,,
oďin,o-ďi-n,2,стать-fut-3sg,odaj,VERB,,
očakaw,očaka-w,2,рогатина-acc,očaka,NOUN,,
odləsi,od-lə=si,2,кончать-imp.2sg=emph,oddaj,VERB,,
odə,odə,6,ещё2,ode,ADV,,
odəč,odə-č,4,ещё2-ins,odəč,ADV,,
odəda,odəda,3,вовсе,odada,ADV,,
ogatala,ogata-la,2,равнина-loc,ogata,NOUN,,
ognen,ogne-∅-n,2,двигаться-nfut-3sg,ognadaj,VERB,,
ogneŋa,ogne-ŋa,2,двигаться-cvb.neg.mod,ognadaj,VERB,,
ojdelən,oj-delə-n,4,поверхность-loc-poss.3sg,oj,ADP,,
ojlan,oj-la-n,3,поверхность-loc-poss.3sg,oj,ADP,,
ojle,oj-le,2,поверхность-loc,oj,ADP,,
ojlən,oj-lə-n,4,поверхность-loc-poss.3sg,oj,ADP,,
ojdedun,ojde-du-n,2,поверхность-dat-poss.3sg,oj,ADP,,
Oje,Oje,93,Ое,Oje,PROPN,,
Oje-du,Oje-du,2,Ое-dat,Oje,PROPN,,
ojet,Oje-t,4,Ое-poss.1pl.inc,Oje,PROPN,,
ojew,oje-w,6,Ое-acc,Oje,PROPN,,
ok,ok,3,когда,ok,ADV,,
oknəďi,ok-nəďi,4,обрадоваться-ant.sg,okandaj,VERB,,
okta,ok=ta,2,когда=add,ok,ADV,,
okuč,ok=uč,2,когда=indef,ok,ADV,,
okerep,oke-rep,3,когда-adj.time,okrep,ADV,,
okne,okne,2,обрадоваться-cvb.neg/обрадоваться-nfut-3sg,okandaj,VERB,,
oknen,okne-⊘-n,2,обрадоваться-nfut-3sg,okandaj,VERB,,
olagsač,olagsač,3,неожиданно,olagsač,ADV,,
Olkinə,Olkinə,2,Олкины,Ɵlkini,PROPN,,
olukadu,olukadu,2,вдруг,olukadu,ADV,,
omin,omin,2,мудрый,omin,ADJ,,
omneken,omneken,8,однажды,ɵmneken,ADV,,
omnet,omnet,3,сначала,ɵмнет,ADV,,
omŋen,omŋe-∅-n,2,забыть-nfut-3sg,bidej,VERB,,
on,on,39,как,on,ADV,,
onďim,on-ďi-m,2,рубить-fut-1sg,ondaj,VERB,,
ontekan,on-teka-n,2,как-dir-poss.3sg,on,ADV,,
Onda,on=da,3,как=add,on,ADV,,
on-ɲan,on=ɲan,2,как=emph,on,ADV,,
on-qə,on=qə,2,как=emph,on,ADV,,
Ondat,Ondat,5,Ондат,Odat,PROPN,,
Ondatu,Ondat-u,4,Ондат-acc,Ondat,PROPN,,
Ondatusin,Ondat=usin,2,Ондат=ptcl.cond,Ондат,PROPN,,
oneken,oneken,8,каково,oneken,ADJ,,
onəši,onə=ši,4,как=emph,on,ADV,,
onteč,onteč,10,как.же,ontač,ADV,,
onučiši,onuči=ši,3,еле=emph,onuči,ADV,,
oɲərin,oɲə-ri-n,5,привязать-pst-3sg,ɵɲedej,VERB,,
oɲəriwu,oɲə-ri-wu,3,привязать-pst-1sg,ɵɲedej,VERB,,
oŋatan,oŋata-n,2,нос-poss.3sg,onat,NOUN,,
oŋəddən,oŋə-d-də-n,3,плакать-prog-pst-3sg,ondaj,VERB,,
oŋən,oŋən,3,плач,oŋan,NOUN,,
oq,oq,9,когда,ok,ADV,,
oqnan,oq=nan,2,когда=emph,ok,ADV,,
oqat,oqat,2,река,okat,NOUN,,
oqatla,oqat-la,4,река-loc,okat,NOUN,,
oqəŋčinəqan,oqəŋči-nəqan,3,радоваться-sim,okencidej,VERB,,
orbi,or-bi,2,олень.pl-poss.refl.sg,oran,NOUN,,
orger,or-ger,2,уходить-imp,ɵrdej,VERB,,
oratu,orat-u,3,трава-acc,orat,NOUN,,
oreďannen,ore-ďan-ne-n,2,зацепиться-dur-nfut-3sg,orad'andaj,VERB,,
orəl,orə-l,7,олень-pl,oran,NOUN,,
orəlbəw,orə-l-bə-w,2,олень-pl-acc-poss.1sg,oran,NOUN,,
orən,orən,2,олень,oran,NOUN,,
orol,oro-l,5,олень-pl,oran,NOUN,,
oron,oron,6,олень,oran,NOUN,,
oser,ose-r,2,не.мочь-cvb.neg,ɵsedej,VERB,,
osellen,ose-l-le-n,2,не.мочь-inch-nfut-3sg,ɵsedej,VERB,,
osemi,osemi,2,даже,ɵsemi,PART,,
osikat,osikat,2,звезда,osikat,NOUN,,
osikatu,osikat-u,4,звезда-acc,osikat,NOUN,,
osiqatəl,osiqatə-l,3,звезда-pl,osikat,NOUN,,
otel,otel,11,раньше,ɵtel,ADV,,
otərəm,otərə-m,3,дорога-acc,otaran,NOUN,,
Pačinnoj,Pačinnoj,10,Пачинной,Pačinnoj,PROPN,,
Pečere,Pečere,2,Пэчэрэ,Pečere,PROPN,,
pipjenɲa,pipenɲa,2,малышка,pipanɲa,NOUN,,
qadarqan,qadar-qan,2,скала-dim1,kadarkan,NOUN,,
qadar-gu,qadar=gu,2,скала=q,kadar,NOUN,,
Qaganqan,Qaganqan,4,Каганкан,Kagankan,PROPN,,
qamuw,qamuw,3,ладно,kamuw,ADV,,
qobalam,qobala-m,2,медведь-acc,kobalan,NOUN,,
qoč,qoč,7,наверное,koč,ADV,,
qorətəw,qorətə-w,2,ухо-acc,korit,NOUN,,
quŋa,quŋa,2,ребёнок,kuŋa,NOUN,,
ta,ta,2,add,da,PART,,
tadu,ta-du,2,dem.dist-dat,tarak,ADV,,
taduda,ta-du=da,4,dem.dist-dat=add,tarak,ADV,,
tadut,ta-du=t,18,dem.dist-dat=foc,tarak,ADV,,
taduk,ta-duk,18,dem.dist-abl,tarak,ADV,,
taduq,ta-duq,3,dem.dist-abl,tarak,ADV,,
tala,ta-la,16,dem.dist-loc,tarak,ADV,,
tabač,tabač,12,а.это,tabač,ADV,,
tabdəš,tabdəš,2,насквозь,tabdas,ADV,,
tabəč,tabəč,18,а.это,tabač,ADV,,
tačiken,tačiken,4,настолько,tačiken,ADV,,
tačin,tačin,31,так,tačin,ADV,,
tačinnun,tačin=nun,3,так=ptcl.cond,tačin,ADV,,
tačinta,tačin=ta,2,так=add,tačin,ADV,,
tačinte,tačin=te,2,так=add,tačin,ADV,,
tail,tail,3,дурак,tail,NOUN,,
taŋkič,taŋ-kič,2,читать-nmz.hab,taŋkič,VERB,,
taŋɲalďi,taŋɲa-l-ďi,2,рог.оленя-pl-ins.poss.refl.sg,taŋɲa,NOUN,,
taŋɲawan,taŋɲa-wa-n,3,рог.оленя-acc-poss.3sg,taŋɲa,NOUN,,
taqlawun,taqlawun,3,мост,taklawun,NOUN,,
tar,tar,49,dem.dist,tarak,ADV,,
tartəki,tar-təki,3,dem.dist-dir,tarak,ADV,,
tartakan,tar=takan,2,dem.dist=restr,tarak,ADV,,
taral,tara-l,2,dem.dist-pl,tarak,ADV,,
taraw,tara-w,10,dem.dist-acc,tarak,ADV,,
tarawtət,tara-w=tət,5,dem.dist-acc=ptcl.cond,tarak,ADV,,
tarak,tarak,18,dem.dist,tarak,ADV,,
tarakta,tarak=ta,4,dem.dist=add,tarak,ADV,,
tarakam,taraka-m,8,dem.dist-acc,tarak,ADV,,
tarakammak,taraka-m=mak,2,dem.dist-acc=restr2,tarak,ADV,,
tarakat,taraka=t,2,dem.dist=foc,tarak,ADV,,
taraq,taraq,22,dem.dist,tarak,ADV,,
taraq-ɲan,taraq ɲan,2,dem.dist и,tarak,ADV,,
taraqət,taraqə=t,2,dem.dist=foc,tarak,ADV,,
tarbatta,tarbat=ta,3,тогда=add,tarbat,ADV,,
tarəl,tarə-l,2,dem.dist-pl,tarak,ADV,,
tarəptə,tarəptə,2,conseq2,tarapta,ADV,,
tarəqəm,tarəqə-m,4,dem.dist-acc,tarak,ADV,,
tarič,tari-č,2,dem.dist-ins,tarak,ADV,,
tariďit,tariďi=t,6,таким.образом=foc,tarid'i,ADV,,
tarknun,tark-nun,6,dem.dist-com,tarak,ADV,,
tarkan,tarkan,2,наконец,tarkan,ADV,,
tarlu,tarlu,2,вообще.то,tarlu,ADV,,
tarma,tarma,3,а.вот,tarma,ADV,,
tarmə,tarmə,3,а.вот,tarma,ADV,,
tarročim,tarroči-m,2,такой-acc,tarročin,ADJ,,
tarročin,tarročin,3,такой,tarročin,ADJ,,
tawar,tawar,3,вон,tawar,PART,,
tawəre,tawəre,2,вон,tawar,PART,,
teďen,teďen,2,вера,teďen,NOUN,,
tegele,tege-le,5,даль-loc,tege,NOUN,,
tegenuk,tegenuk,2,даль-abl.adv,tegenuk,NOUN,,
tekčakan,tekčakan,2,полярная.куропатка,t'akčakan,NOUN,,
temi,temi,11,поэтому,temi,ADV,,
temida,temi=da,4,поэтому=add,temi,ADV,,
temi-da,temi=da,2,поэтому=add,temi,ADV,,
terenu,terenu,15,всё.ещё,terenu,ADV,,
terintekin,terin-teki-n,3,оба-dir-poss.3sg,terin,NUM,,
tewren,tew-re-n,2,поймать-nfut-3sg,tewdej,VERB,,
tewrin,tew-ri-n,2,поймать-pst-3sg,tewdej,VERB,,
tewtew,tewte-w,2,ягода-acc,tewte,NOUN,,
teγeduk,teγe-duk,6,даль-abl,tege,NOUN,,
teγele,teγe-le,4,даль-loc,tege,NOUN,,
teγeletki,teγe-le-tki,2,далеко-adj.extr-dir,tege,ADV,,
teγetki,teγe-tki,2,далёкий-dir,tege,ADJ,,
tələ,tə-lə,2,dem.dist-loc,tarak,ADV,,
tək,tək,57,сейчас,t'ek,ADV,,
təkren,tək-re-n,2,упасть-nfut-3sg,tiktej,VERB,,
təkrin,tək-ri-n,4,упасть-pst-3sg,tiktej,VERB,,
tək-tək,tək-tək,2,сейчас-сейчас,tek,ADV,,
təket,təke=t,6,сейчас=ptcl,tek,ADV,,
təkkel,təkkel,3,теперь,tekkel,ADV,,
təkukenďim,təkuke-n-ďi-m,2,валить-iter-fut-1sg,tikundej,VERB,,
təmin,təmin,2,завтра,timina,ADV,,
təmina,təmina,4,завтра,timina,ADV,,
təmnedu,təmne-du,3,крошки-dat,timre,NOUN,,
tənep,təne-p,2,вчера-adj.time,tinep,ADJ,,
tərgemeč,tərgemeč,2,пешком,tergemeč,ADV,,
tətel,tətel,2,прежде,titel,ADV,,
tətkačiken,tətka-či-ken,2,брызгать-res-term,titkattaj,VERB,,
təwen,təwen,4,спокойный,tiwun,ADJ,,
təwner,təwner,2,кое.как,tewner,ADV,,
təwsilə,təwsi-lə,2,отдаление-loc,tewsi,NOUN,,
təwsiw,təwsi-w,2,отдаление-acc,tewsi,NOUN,,
təγrin,təγ-ri-n,4,сидеть-pst-3sg,tegdej,VERB,,
təγəčiddən,təγə-či-d-də-n,2,сидеть-res-prog-pst-3sg,tegdej,VERB,,
tobaqčami,tobaq-ča-m-i,2,топор-dim2-acc-poss.refl.sg,tobar,NOUN,,
tobarəč,tobar-əč,3,топор-ins,tobar,NOUN,,
tog,tog,2,огонь,tog,NOUN,,
togda,tog-da,2,огонь-dat,tog,NOUN,,
togi,tog-i,3,огонь-poss.refl.sg,tog,NOUN,,
togla,tog-la,2,огонь-loc,tog,NOUN,,
togu,tog-u,3,огонь-acc,tog,NOUN,,
tolle,tol-le,2,наружу-loc,tɵlle,ADV,,
toleski,tole-ski,3,наружу-dir.adv,tɵlle,ADV,,
toleški,tole-ški,4,наружу-dir.adv,tɵlle,ADV,,
torellen,tore-l-le-n,2,говорить-inch-nfut-3sg,toredej,VERB,,
torennə,tore-n-nə,2,говорить-nfut-3sg,toredej,VERB,,
tubelnen,tubelne-⊘-n,2,раздаваться-nfut-3sg,tubelnedej,VERB,,
tuŋkew,tuŋkew,2,intj,tuŋkew,INTJ,,
tur,tur,4,земля,tɵr,NOUN,,
turle,tur-le,5,земля-loc,tɵr,NOUN,,
turlə,tur-lə,4,земля-loc,tɵr,NOUN,,
turu,tur-u,2,земля-acc,tɵr,NOUN,,
turkun,turku-⊘-n,5,не.мочь-nfut-3sg,turkudaj,VERB,,
turkučiddən,turku-či-d-də-n,2,не.мочь-res-prog-pst-3sg,turkudaj,VERB,,
tutten,tut-te-n,2,бежать-nfut-3sg,tuttej,VERB,,
tuγenə,tuγenə,3,зима,tugeni,NOUN,,
tuγeni,tuγeni,2,зима,tugeni,NOUN,,
u,u,5,вы,u,PRON,,
unen,u=nen,2,вы=emph,u,PRON,,
učiki,učik-i,2,верховой.олень-poss.refl.sg,učik,NOUN,,
učiqla,učiq-la,2,верховой.олень-loc,učik,NOUN,,
ugerren,uger-re-n,2,поднять-nfut-3sg,ɵgerdej,VERB,,
ugeski,ugeski,6,напротив,ugeski,ADV,,
ujren,uj-re-n,2,вернуться-nfut-3sg,ujdaj,VERB,,
ukel,ukel,8,уже,ukal,ADV,,
ukelda,ukelda,4,и.вот,ukelde,ADV,,
ukler,ukle-r,2,спать-cvb.neg,ukledej,VERB,,
uklešnən,ukle-š-nə-n,2,спать-mom-pst-3sg,uklestej,VERB,,
ular,ula-r,2,оставить-cvb.neg,uladaj,VERB,,
ule,ule,25,лиса,uličan,PROPN,,
ulen,ule-⊘-n,2,бросать-nfut-3sg,uledej,VERB,,
uledu,ule-du,3,лиса-dat,uličan,PROPN,,
ulejakan,ule-jakan,2,лиса-dim.pej,uličan,PROPN,,
ulerin,ule-ri-n,2,бросить-pst-3sg,uledej,VERB,,
uletki,ule-tki,3,лиса-dir,uličan,PROPN,,
ulew,ule-w,4,лиса-acc,uličan,PROPN,,
ulesi,ule=si,5,лиса=emph,uličan,PROPN,,
uləčam,uləča-m,2,лиса-acc,uličan,PROPN,,
uləčan,uləčan,8,лисица,uličan,NOUN,,
ulgemnen,ulgem-ne-n,4,спрашивать-nfut-3sg,ulgimidej,VERB,,
ulgimnən,ulgim-nə-n,2,спросить-pst-3sg,ulgimdej,VERB,,
ulle,ulle,2,мясо,ulle,NOUN,,
ullew,ulle-w,4,мясо-acc,ulle,NOUN,,
ulləw,ullə-w,2,мясо-acc,ulle,NOUN,,
ulləwen,ullə-we-n,3,мясо-acc-poss.3sg,ulle,NOUN,,
ultendule,ulten-dule,3,зола-loc,ulten,NOUN,,
umem,ume-m,2,один-acc,ɵmen,NUM,,
umekič,umekič,20,особенный,ɵmekič,ADV,,
umekitte,umekit=te,2,особенный=add,ɵmekič,ADJ,,
umekken,umekken,3,одинокий,ɵmekken,NOUN,,
umen,umen,12,один,ɵmen,NUM,,
umen-ďur,umen-ďur,6,один-два,ɵmen-d'ur,NUM,,
umenelki,umenelki,4,одинаково,ɵmenelki,ADV,,
Umesne,Umesne,5,Умэснэ,Umesne,PROPN,,
umetenesnen,umetene-s-ne-n,2,бежать.галопом-mom-nfut-3sg,ɵmetenestej,VERB,,
uməkeken,uməkeken,2,одинокий,ɵmekken,NOUN,,
umnemi,umnemi,5,сразу,ɵmnemi,ADV,,
umten,umte-n,2,яйцо.птичье-poss.3sg,umta,NOUN,,
umtew,umte-w,3,яйцо.птичье-acc,umta,NOUN,,
un,un,6,тем.временем,un,ADV,,
unduk,un-duk,2,вы-abl,u,PRON,,
unu,un-u,4,вы.obl-acc,u,PRON,,
unnun,un=nun,2,вдруг=ptcl.cond,un,ADV,,
unaďi,unaď-i,2,девушка-poss.refl.sg,unad',NOUN,,
unet,unet,22,ещё,unet,ADV,,
unette,unet=te,19,ещё=add,unet,ADV,,
unetet,unete=t,5,ещё=foc,unetet,ADV,,
unət,unət,5,ещё,unet,ADV,,
unŋe,unŋe,4,вихрь,unŋe,NOUN,,
unŋetki,unŋe-tki,2,вихрь-dir,unŋe,NOUN,,
unŋew,unŋe-w,2,вихрь-acc,unŋe,NOUN,,
unŋin,unŋi-n,3,хозяин-poss.3sg,unŋi,NOUN,,
untə,untə,2,другой,ɵnte,ADJ,,
unur,unu-r,5,понимать-cvb.neg,unudaj,VERB,,
unurin,unu-ri-n,2,понимать-pst-3sg,unudaj,VERB,,
unun,unun,2,понимание,unun,NOUN,,
unutte,unut-te,3,надеяться-cvb.neg,unuttaj,VERB,,
uqəl,uqəl,14,уже,ukal,ADV,,
urďim,ur-ďi-m,2,уходить-fut-1sg,ɵrdej,VERB,,
urďin,ur-ďi-n,2,уходить-fut-3sg,ɵrdej,VERB,,
urďiru,ur-ďi-ru,3,уходить-fut-1pl.exc,ɵrdej,VERB,,
urlə,ur-lə,4,уходить-imp.2sg,ɵrdej,VERB,,
urren,ur-re-n,3,уходить-nfut-3sg,ɵrdej,VERB,,
urrə,ur-rə,2,уходить-cvb.neg,ɵrdej,VERB,,
urrin,ur-ri-n,10,уходить-pst-3sg,ɵrdej,VERB,,
urritən,ur-ri-tən,3,уходить-pst-3pl,ɵrdej,VERB,,
urteken,ur=teken,2,прежде=restr,ɵr,ADV,,
Urelen,ure-le-n,2,вершина-loc-poss.3sg,ure,NOUN,,
urečin,urečin,10,похожий,urečin,ADJ,,
ureďennen,ureďen-ne-n,2,уезжать-nfut-3sg,ured'endej,VERB,,
urekčjen,urekčjen,2,гора,urekčen,NOUN,,
Urele,Urele,9,Урэлэ,Urele,PROPN,,
ureɲkum,ureɲku-m,2,дурачок-acc,ureɲkun,NOUN,,
urep,urep,24,прежний,ɵrep,ADJ,,
urepu,urep-acc,8,прежний-acc,ɵrep,ADJ,,
urepel,urepe-l,2,тот-pl,ɵrep,PRON,,
urewrin,urew-ri-n,2,убить.медведя-pst-3sg,urewdej,VERB,,
urge,urge,2,тяжелый,urge,ADJ,,
urkelgai,urke-l-ga-i,2,петля-pl-dest-poss.refl.sg,urka,NOUN,,
urken,urken,2,юноша,urken,NOUN,,
uruɲə,uruɲə,2,не.шуми,uruɲe,INTJ,,
utə,ut=ə,5,сын=voc,ut,NOUN,,
utaləddən,utalə-d-də-n,2,сверкать-prog-pst-3sg,utaldaj,VERB,,
Utaqan,Utaqan,10,Утакан,Utakan,PROPN,,
uteprun,utepru-⊘-n,2,сиять-nfut-3sg,uteprudej,VERB,,
Utəŋa,Utəŋa,3,Утэнгэ,Uteŋe,PROPN,,
Utəŋaw,Utəŋa-w,3,Утэнгэ-acc,Uteŋe,PROPN,,
Utəŋatki,Utəŋa-tki,2,Утэнгэ-dir,Uteŋe,PROPN,,